outer_fold_patient_id,evaluation_mode,normalization,classifier,roc_auc,average_precision,accuracy,sensitivity,specificity,balanced_accuracy,evaluated_rows,class_0_rows,class_1_rows
491,common_rows,none,logistic_regression,0.0,0.3990228792095046,0.4,0.0,1.0,0.5,50,20,30
491,common_rows,none,extra_trees,0.015,0.40478073824691574,0.24,0.0,0.6,0.3,50,20,30
491,common_rows,none,random_forest,0.1325,0.42808497605932305,0.46,0.7666666666666667,0.0,0.38333333333333336,50,20,30
491,common_rows,jackknife_median,logistic_regression,0.0,0.3990228792095046,0.4,0.0,1.0,0.5,50,20,30
491,common_rows,jackknife_median,extra_trees,0.9941666666666666,0.995473718593852,0.98,1.0,0.95,0.975,50,20,30
491,common_rows,jackknife_median,random_forest,0.995,0.9968055555555555,0.94,0.9666666666666667,0.9,0.9333333333333333,50,20,30
491,common_rows,calibration_median,logistic_regression,0.34833333333333333,0.5041484964820429,0.52,0.7666666666666667,0.15,0.45833333333333337,50,20,30
491,common_rows,calibration_median,extra_trees,0.9991666666666666,0.9989247311827956,0.8,1.0,0.5,0.75,50,20,30
491,common_rows,calibration_median,random_forest,0.9525,0.9421528753268992,0.8,1.0,0.5,0.75,50,20,30
491,common_rows,calibration_median_iqr,logistic_regression,0.4033333333333334,0.5209988391776558,0.4,0.0,1.0,0.5,50,20,30
491,common_rows,calibration_median_iqr,extra_trees,0.945,0.9547318504363222,0.52,0.2,1.0,0.6,50,20,30
491,common_rows,calibration_median_iqr,random_forest,0.8175,0.7568429514072685,0.58,0.4,0.85,0.625,50,20,30
491,native_rows,none,logistic_regression,1.0,1.0,0.5,1.0,0.0,0.5,60,30,30
491,native_rows,none,extra_trees,0.005555555555555555,0.3229937136615638,0.43333333333333335,0.0,0.8666666666666667,0.43333333333333335,60,30,30
491,native_rows,none,random_forest,0.01611111111111111,0.32230577528181503,0.31666666666666665,0.0,0.6333333333333333,0.31666666666666665,60,30,30
491,native_rows,jackknife_median,logistic_regression,0.0,0.31511671796865326,0.48333333333333334,0.0,0.9666666666666667,0.48333333333333334,60,30,30
491,native_rows,jackknife_median,extra_trees,0.9955555555555555,0.995473718593852,0.8166666666666667,0.6333333333333333,1.0,0.8166666666666667,60,30,30
491,native_rows,jackknife_median,random_forest,0.9955555555555556,0.9958585858585859,0.9333333333333333,0.8666666666666667,1.0,0.9333333333333333,60,30,30
491,native_rows,calibration_median,logistic_regression,0.34833333333333333,0.5041484964820429,0.52,0.7666666666666667,0.15,0.45833333333333337,50,20,30
491,native_rows,calibration_median,extra_trees,0.9991666666666666,0.9989247311827956,0.8,1.0,0.5,0.75,50,20,30
491,native_rows,calibration_median,random_forest,0.9525,0.9421528753268992,0.8,1.0,0.5,0.75,50,20,30
491,native_rows,calibration_median_iqr,logistic_regression,0.4033333333333334,0.5209988391776558,0.4,0.0,1.0,0.5,50,20,30
491,native_rows,calibration_median_iqr,extra_trees,0.945,0.9547318504363222,0.52,0.2,1.0,0.6,50,20,30
491,native_rows,calibration_median_iqr,random_forest,0.8175,0.7568429514072685,0.58,0.4,0.85,0.625,50,20,30
638,common_rows,none,logistic_regression,0.6428571428571428,0.7585645348309533,0.28,0.0,1.0,0.5,50,14,36
638,common_rows,none,extra_trees,0.08531746031746032,0.5389895430187718,0.72,1.0,0.0,0.5,50,14,36
638,common_rows,none,random_forest,0.1378968253968254,0.5562130058537297,0.72,1.0,0.0,0.5,50,14,36
638,common_rows,jackknife_median,logistic_regression,0.2996031746031746,0.5975311146592551,0.28,0.0,1.0,0.5,50,14,36
638,common_rows,jackknife_median,extra_trees,0.7767857142857142,0.8937937609806391,0.84,0.9444444444444444,0.5714285714285714,0.7579365079365079,50,14,36
638,common_rows,jackknife_median,random_forest,0.7579365079365079,0.8858314057713974,0.74,0.8055555555555556,0.5714285714285714,0.6884920634920635,50,14,36
638,common_rows,calibration_median,logistic_regression,0.36309523809523814,0.6206072912128313,0.28,0.0,1.0,0.5,50,14,36
638,common_rows,calibration_median,extra_trees,0.5654761904761906,0.7959023380021041,0.6,0.6388888888888888,0.5,0.5694444444444444,50,14,36
638,common_rows,calibration_median,random_forest,0.689484126984127,0.8372149588743464,0.7,0.7222222222222222,0.6428571428571429,0.6825396825396826,50,14,36
638,common_rows,calibration_median_iqr,logistic_regression,0.45039682539682535,0.7193729345049047,0.54,0.4166666666666667,0.8571428571428571,0.6369047619047619,50,14,36
638,common_rows,calibration_median_iqr,extra_trees,0.7162698412698413,0.8554606473353412,0.42,0.2222222222222222,0.9285714285714286,0.5753968253968254,50,14,36
638,common_rows,calibration_median_iqr,random_forest,0.4087301587301588,0.6699705215785078,0.3,0.1111111111111111,0.7857142857142857,0.4484126984126984,50,14,36
638,native_rows,none,logistic_regression,0.6666666666666666,0.7164811005987716,0.4,0.0,1.0,0.5,60,24,36
638,native_rows,none,extra_trees,0.16030092592592593,0.43848110365157583,0.5833333333333334,0.9722222222222222,0.0,0.4861111111111111,60,24,36
638,native_rows,none,random_forest,0.21875,0.4835428790770815,0.5,0.8333333333333334,0.0,0.4166666666666667,60,24,36
638,native_rows,jackknife_median,logistic_regression,0.41435185185185186,0.5566842985803364,0.4166666666666667,0.16666666666666666,0.7916666666666666,0.47916666666666663,60,24,36
638,native_rows,jackknife_median,extra_trees,0.7268518518518519,0.8106215804947884,0.6166666666666667,0.5833333333333334,0.6666666666666666,0.625,60,24,36
638,native_rows,jackknife_median,random_forest,0.6643518518518519,0.7246979216585845,0.5666666666666667,0.6111111111111112,0.5,0.5555555555555556,60,24,36
638,native_rows,calibration_median,logistic_regression,0.36309523809523814,0.6206072912128313,0.28,0.0,1.0,0.5,50,14,36
638,native_rows,calibration_median,extra_trees,0.5654761904761906,0.7959023380021041,0.6,0.6388888888888888,0.5,0.5694444444444444,50,14,36
638,native_rows,calibration_median,random_forest,0.689484126984127,0.8372149588743464,0.7,0.7222222222222222,0.6428571428571429,0.6825396825396826,50,14,36
638,native_rows,calibration_median_iqr,logistic_regression,0.45039682539682535,0.7193729345049047,0.54,0.4166666666666667,0.8571428571428571,0.6369047619047619,50,14,36
638,native_rows,calibration_median_iqr,extra_trees,0.7162698412698413,0.8554606473353412,0.42,0.2222222222222222,0.9285714285714286,0.5753968253968254,50,14,36
638,native_rows,calibration_median_iqr,random_forest,0.4087301587301588,0.6699705215785078,0.3,0.1111111111111111,0.7857142857142857,0.4484126984126984,50,14,36
906,common_rows,none,logistic_regression,0.6160714285714286,0.6159905412425762,0.6666666666666666,0.9642857142857143,0.25,0.6071428571428572,48,20,28
906,common_rows,none,extra_trees,0.8,0.7274522857007814,0.6875,1.0,0.25,0.625,48,20,28
906,common_rows,none,random_forest,0.8,0.7338924251136483,0.6041666666666666,1.0,0.05,0.525,48,20,28
906,common_rows,jackknife_median,logistic_regression,0.8589285714285714,0.8161378424634949,0.7291666666666666,1.0,0.35,0.675,48,20,28
906,common_rows,jackknife_median,extra_trees,1.0,1.0,0.9375,1.0,0.85,0.925,48,20,28
906,common_rows,jackknife_median,random_forest,0.9517857142857143,0.9494743034166413,0.8958333333333334,1.0,0.75,0.875,48,20,28
906,common_rows,calibration_median,logistic_regression,0.8125,0.7342365655663763,0.3541666666666667,0.0,0.85,0.425,48,20,28
906,common_rows,calibration_median,extra_trees,0.9187500000000001,0.9333705292579029,0.875,1.0,0.7,0.85,48,20,28
906,common_rows,calibration_median,random_forest,0.8991071428571429,0.8559898826418898,0.7916666666666666,1.0,0.5,0.75,48,20,28
906,common_rows,calibration_median_iqr,logistic_regression,0.95,0.8942266500861764,0.7708333333333334,1.0,0.45,0.725,48,20,28
906,common_rows,calibration_median_iqr,extra_trees,0.7401785714285714,0.836597965523034,0.7291666666666666,0.9642857142857143,0.4,0.6821428571428572,48,20,28
906,common_rows,calibration_median_iqr,random_forest,0.8160714285714286,0.8106469748706744,0.75,1.0,0.4,0.7,48,20,28
906,native_rows,none,logistic_regression,0.35595238095238096,0.388841181635815,0.603448275862069,0.9642857142857143,0.26666666666666666,0.6154761904761905,58,30,28
906,native_rows,none,extra_trees,0.7113095238095238,0.5775948997627849,0.603448275862069,1.0,0.23333333333333334,0.6166666666666667,58,30,28
906,native_rows,none,random_forest,0.7601190476190477,0.6695373870085705,0.5517241379310345,1.0,0.13333333333333333,0.5666666666666667,58,30,28
906,native_rows,jackknife_median,logistic_regression,0.6666666666666667,0.5801602904332497,0.5862068965517241,0.9642857142857143,0.23333333333333334,0.5988095238095238,58,30,28
906,native_rows,jackknife_median,extra_trees,0.9392857142857143,0.8736982840821403,0.8103448275862069,0.7142857142857143,0.9,0.8071428571428572,58,30,28
906,native_rows,jackknife_median,random_forest,0.9148809523809524,0.8433210765409536,0.8448275862068966,0.8928571428571429,0.8,0.8464285714285715,58,30,28
906,native_rows,calibration_median,logistic_regression,0.8125,0.7342365655663763,0.3541666666666667,0.0,0.85,0.425,48,20,28
906,native_rows,calibration_median,extra_trees,0.9187500000000001,0.9333705292579029,0.875,1.0,0.7,0.85,48,20,28
906,native_rows,calibration_median,random_forest,0.8991071428571429,0.8559898826418898,0.7916666666666666,1.0,0.5,0.75,48,20,28
906,native_rows,calibration_median_iqr,logistic_regression,0.95,0.8942266500861764,0.7708333333333334,1.0,0.45,0.725,48,20,28
906,native_rows,calibration_median_iqr,extra_trees,0.7401785714285714,0.836597965523034,0.7291666666666666,0.9642857142857143,0.4,0.6821428571428572,48,20,28
906,native_rows,calibration_median_iqr,random_forest,0.8160714285714286,0.8106469748706744,0.75,1.0,0.4,0.7,48,20,28
1049,common_rows,none,logistic_regression,0.05806451612903228,0.4168606360308318,0.29411764705882354,0.0,0.75,0.375,51,20,31
1049,common_rows,none,extra_trees,1.0,0.9999999999999999,0.6470588235294118,1.0,0.1,0.55,51,20,31
1049,common_rows,none,random_forest,1.0,0.9999999999999999,0.6470588235294118,1.0,0.1,0.55,51,20,31
1049,common_rows,jackknife_median,logistic_regression,0.01774193548387098,0.4084432870837887,0.23529411764705882,0.0,0.6,0.3,51,20,31
1049,common_rows,jackknife_median,extra_trees,0.8548387096774194,0.8072321261363528,0.7450980392156863,1.0,0.35,0.675,51,20,31
1049,common_rows,jackknife_median,random_forest,0.6862903225806452,0.6663178467198906,0.7058823529411765,1.0,0.25,0.625,51,20,31
1049,common_rows,calibration_median,logistic_regression,0.022580645161290328,0.4086353228530224,0.0784313725490196,0.0,0.2,0.1,51,20,31
1049,common_rows,calibration_median,extra_trees,0.6419354838709678,0.6340362862048868,0.7450980392156863,1.0,0.35,0.675,51,20,31
1049,common_rows,calibration_median,random_forest,0.5919354838709677,0.6080657528065384,0.7058823529411765,1.0,0.25,0.625,51,20,31
1049,common_rows,calibration_median_iqr,logistic_regression,0.8709677419354838,0.8199359564192861,0.5294117647058824,0.2903225806451613,0.9,0.5951612903225807,51,20,31
1049,common_rows,calibration_median_iqr,extra_trees,1.0,1.0,0.5098039215686274,0.1935483870967742,1.0,0.5967741935483871,51,20,31
1049,common_rows,calibration_median_iqr,random_forest,1.0,0.9999999999999998,0.8627450980392157,0.7741935483870968,1.0,0.8870967741935484,51,20,31
1049,native_rows,none,logistic_regression,0.18387096774193545,0.3589835667714677,0.3442622950819672,0.0,0.7,0.35,61,30,31
1049,native_rows,none,extra_trees,0.9989247311827958,0.998991935483871,0.5901639344262295,1.0,0.16666666666666666,0.5833333333333334,61,30,31
1049,native_rows,none,random_forest,0.9059139784946236,0.8867567700473806,0.5901639344262295,1.0,0.16666666666666666,0.5833333333333334,61,30,31
1049,native_rows,jackknife_median,logistic_regression,0.08279569892473117,0.3366212209781258,0.3114754098360656,0.0,0.6333333333333333,0.31666666666666665,61,30,31
1049,native_rows,jackknife_median,extra_trees,0.9607526881720431,0.9521107136370093,0.8360655737704918,1.0,0.6666666666666666,0.8333333333333333,61,30,31
1049,native_rows,jackknife_median,random_forest,0.8258064516129032,0.7041885594276296,0.7377049180327869,1.0,0.4666666666666667,0.7333333333333334,61,30,31
1049,native_rows,calibration_median,logistic_regression,0.022580645161290328,0.4086353228530224,0.0784313725490196,0.0,0.2,0.1,51,20,31
1049,native_rows,calibration_median,extra_trees,0.6419354838709678,0.6340362862048868,0.7450980392156863,1.0,0.35,0.675,51,20,31
1049,native_rows,calibration_median,random_forest,0.5919354838709677,0.6080657528065384,0.7058823529411765,1.0,0.25,0.625,51,20,31
1049,native_rows,calibration_median_iqr,logistic_regression,0.8709677419354838,0.8199359564192861,0.5294117647058824,0.2903225806451613,0.9,0.5951612903225807,51,20,31
1049,native_rows,calibration_median_iqr,extra_trees,1.0,1.0,0.5098039215686274,0.1935483870967742,1.0,0.5967741935483871,51,20,31
1049,native_rows,calibration_median_iqr,random_forest,1.0,0.9999999999999998,0.8627450980392157,0.7741935483870968,1.0,0.8870967741935484,51,20,31
1855,common_rows,none,logistic_regression,0.75,0.8401604674432755,0.7254901960784313,0.90625,0.42105263157894735,0.6636513157894737,51,19,32
1855,common_rows,none,extra_trees,0.02138157894736842,0.42695211100884445,0.21568627450980393,0.34375,0.0,0.171875,51,19,32
1855,common_rows,none,random_forest,0.0625,0.44625188146698047,0.3333333333333333,0.53125,0.0,0.265625,51,19,32
1855,common_rows,jackknife_median,logistic_regression,0.53125,0.6681138103342021,0.6078431372549019,0.5625,0.6842105263157895,0.6233552631578947,51,19,32
1855,common_rows,jackknife_median,extra_trees,0.9457236842105263,0.920048744173218,0.9019607843137255,1.0,0.7368421052631579,0.868421052631579,51,19,32
1855,common_rows,jackknife_median,random_forest,0.872532894736842,0.854939947673453,0.9019607843137255,1.0,0.7368421052631579,0.868421052631579,51,19,32
1855,common_rows,calibration_median,logistic_regression,0.5509868421052632,0.6754711800483009,0.47058823529411764,0.21875,0.8947368421052632,0.5567434210526316,51,19,32
1855,common_rows,calibration_median,extra_trees,0.9342105263157894,0.8963919805212561,0.8823529411764706,1.0,0.6842105263157895,0.8421052631578947,51,19,32
1855,common_rows,calibration_median,random_forest,0.9325657894736843,0.8970384688264611,0.7843137254901961,1.0,0.42105263157894735,0.7105263157894737,51,19,32
1855,common_rows,calibration_median_iqr,logistic_regression,0.5657894736842106,0.8095496324264115,0.6666666666666666,0.53125,0.8947368421052632,0.7129934210526316,51,19,32
1855,common_rows,calibration_median_iqr,extra_trees,0.9967105263157895,0.9981617647058824,0.9803921568627451,0.96875,1.0,0.984375,51,19,32
1855,common_rows,calibration_median_iqr,random_forest,0.8544407894736843,0.8471178676641464,0.8823529411764706,0.96875,0.7368421052631579,0.852796052631579,51,19,32
1855,native_rows,none,logistic_regression,0.8394396551724138,0.89219364693877,0.8524590163934426,0.78125,0.9310344827586207,0.8561422413793103,61,29,32
1855,native_rows,none,extra_trees,0.04687500000000001,0.3399283842301005,0.09836065573770492,0.1875,0.0,0.09375,61,29,32
1855,native_rows,none,random_forest,0.12338362068965517,0.35630562053089954,0.2459016393442623,0.34375,0.13793103448275862,0.2408405172413793,61,29,32
1855,native_rows,jackknife_median,logistic_regression,0.7510775862068966,0.7777388170297227,0.7377049180327869,0.78125,0.6896551724137931,0.7354525862068966,61,29,32
1855,native_rows,jackknife_median,extra_trees,0.9956896551724138,0.9963448660714286,0.9344262295081968,1.0,0.8620689655172413,0.9310344827586207,61,29,32
1855,native_rows,jackknife_median,random_forest,0.9261853448275862,0.9191920422953248,0.8688524590163934,1.0,0.7241379310344828,0.8620689655172413,61,29,32
1855,native_rows,calibration_median,logistic_regression,0.5509868421052632,0.6754711800483009,0.47058823529411764,0.21875,0.8947368421052632,0.5567434210526316,51,19,32
1855,native_rows,calibration_median,extra_trees,0.9342105263157894,0.8963919805212561,0.8823529411764706,1.0,0.6842105263157895,0.8421052631578947,51,19,32
1855,native_rows,calibration_median,random_forest,0.9325657894736843,0.8970384688264611,0.7843137254901961,1.0,0.42105263157894735,0.7105263157894737,51,19,32
1855,native_rows,calibration_median_iqr,logistic_regression,0.5657894736842106,0.8095496324264115,0.6666666666666666,0.53125,0.8947368421052632,0.7129934210526316,51,19,32
1855,native_rows,calibration_median_iqr,extra_trees,0.9967105263157895,0.9981617647058824,0.9803921568627451,0.96875,1.0,0.984375,51,19,32
1855,native_rows,calibration_median_iqr,random_forest,0.8544407894736843,0.8471178676641464,0.8823529411764706,0.96875,0.7368421052631579,0.852796052631579,51,19,32
8452,common_rows,none,logistic_regression,0.5677966101694916,0.864917562830974,0.5443037974683544,0.7288135593220338,0.0,0.3644067796610169,79,20,59
8452,common_rows,none,extra_trees,0.48771186440677966,0.6866905797606441,0.810126582278481,0.9491525423728814,0.4,0.6745762711864407,79,20,59
8452,common_rows,none,random_forest,0.5588983050847458,0.7208880237220047,0.7848101265822784,0.8813559322033898,0.5,0.6906779661016949,79,20,59
8452,common_rows,jackknife_median,logistic_regression,0.5398305084745764,0.8532785832409404,0.5569620253164557,0.4915254237288136,0.75,0.6207627118644068,79,20,59
8452,common_rows,jackknife_median,extra_trees,0.7190677966101695,0.899212836588166,0.6075949367088608,0.6440677966101694,0.5,0.5720338983050848,79,20,59
8452,common_rows,jackknife_median,random_forest,0.6542372881355933,0.8843069222954925,0.6329113924050633,0.6949152542372882,0.45,0.5724576271186441,79,20,59
8452,common_rows,calibration_median,logistic_regression,0.5228813559322034,0.8415376353700967,0.4936708860759494,0.423728813559322,0.7,0.561864406779661,79,20,59
8452,common_rows,calibration_median,extra_trees,0.6296610169491526,0.8587474477480048,0.5569620253164557,0.5932203389830508,0.45,0.5216101694915254,79,20,59
8452,common_rows,calibration_median,random_forest,0.7194915254237289,0.8978968538969201,0.6835443037974683,0.7627118644067796,0.45,0.6063559322033898,79,20,59
8452,common_rows,calibration_median_iqr,logistic_regression,0.4703389830508475,0.7981573397245463,0.34177215189873417,0.11864406779661017,1.0,0.559322033898305,79,20,59
8452,common_rows,calibration_median_iqr,extra_trees,0.7080508474576271,0.9033924368006768,0.5949367088607594,0.6779661016949152,0.35,0.5139830508474577,79,20,59
8452,common_rows,calibration_median_iqr,random_forest,0.6601694915254237,0.8896719072704123,0.5822784810126582,0.6949152542372882,0.25,0.4724576271186441,79,20,59
8452,native_rows,none,logistic_regression,0.5706214689265536,0.8256437597001951,0.4044943820224719,0.5932203389830508,0.03333333333333333,0.3132768361581921,89,30,59
8452,native_rows,none,extra_trees,0.42627118644067796,0.5811507612821899,0.5056179775280899,0.5423728813559322,0.43333333333333335,0.4878531073446328,89,30,59
8452,native_rows,none,random_forest,0.4545197740112995,0.6104778513807816,0.5280898876404494,0.6271186440677966,0.3333333333333333,0.480225988700565,89,30,59
8452,native_rows,jackknife_median,logistic_regression,0.5406779661016949,0.8008719292103433,0.5056179775280899,0.4915254237288136,0.5333333333333333,0.5124293785310734,89,30,59
8452,native_rows,jackknife_median,extra_trees,0.7355932203389831,0.7563095044920606,0.6179775280898876,0.5932203389830508,0.6666666666666666,0.6299435028248588,89,30,59
8452,native_rows,jackknife_median,random_forest,0.8042372881355933,0.887560499171284,0.6292134831460674,0.6101694915254238,0.6666666666666666,0.6384180790960452,89,30,59
8452,native_rows,calibration_median,logistic_regression,0.5228813559322034,0.8415376353700967,0.4936708860759494,0.423728813559322,0.7,0.561864406779661,79,20,59
8452,native_rows,calibration_median,extra_trees,0.6296610169491526,0.8587474477480048,0.5569620253164557,0.5932203389830508,0.45,0.5216101694915254,79,20,59
8452,native_rows,calibration_median,random_forest,0.7194915254237289,0.8978968538969201,0.6835443037974683,0.7627118644067796,0.45,0.6063559322033898,79,20,59
8452,native_rows,calibration_median_iqr,logistic_regression,0.4703389830508475,0.7981573397245463,0.34177215189873417,0.11864406779661017,1.0,0.559322033898305,79,20,59
8452,native_rows,calibration_median_iqr,extra_trees,0.7080508474576271,0.9033924368006768,0.5949367088607594,0.6779661016949152,0.35,0.5139830508474577,79,20,59
8452,native_rows,calibration_median_iqr,random_forest,0.6601694915254237,0.8896719072704123,0.5822784810126582,0.6949152542372882,0.25,0.4724576271186441,79,20,59
10013,common_rows,none,logistic_regression,0.95,0.8990918268187827,0.96,0.9666666666666667,0.95,0.9583333333333333,50,20,30
10013,common_rows,none,extra_trees,1.0,1.0,0.92,1.0,0.8,0.9,50,20,30
10013,common_rows,none,random_forest,1.0,1.0,0.92,1.0,0.8,0.9,50,20,30
10013,common_rows,jackknife_median,logistic_regression,0.9633333333333333,0.9600574352843911,0.98,1.0,0.95,0.975,50,20,30
10013,common_rows,jackknife_median,extra_trees,1.0,1.0,0.98,1.0,0.95,0.975,50,20,30
10013,common_rows,jackknife_median,random_forest,1.0,1.0,0.94,1.0,0.85,0.925,50,20,30
10013,common_rows,calibration_median,logistic_regression,0.98,0.9840164820569053,0.92,1.0,0.8,0.9,50,20,30
10013,common_rows,calibration_median,extra_trees,1.0,1.0,1.0,1.0,1.0,1.0,50,20,30
10013,common_rows,calibration_median,random_forest,1.0,1.0,0.92,1.0,0.8,0.9,50,20,30
10013,common_rows,calibration_median_iqr,logistic_regression,0.89,0.8626176097798098,0.84,1.0,0.6,0.8,50,20,30
10013,common_rows,calibration_median_iqr,extra_trees,1.0,0.9999999999999999,0.7,1.0,0.25,0.625,50,20,30
10013,common_rows,calibration_median_iqr,random_forest,1.0,0.9999999999999999,0.68,1.0,0.2,0.6,50,20,30
10013,native_rows,none,logistic_regression,1.0,1.0,1.0,1.0,1.0,1.0,60,30,30
10013,native_rows,none,extra_trees,0.9999999999999999,0.9999999999999999,1.0,1.0,1.0,1.0,60,30,30
10013,native_rows,none,random_forest,1.0,1.0,0.9666666666666667,1.0,0.9333333333333333,0.9666666666666667,60,30,30
10013,native_rows,jackknife_median,logistic_regression,0.9466666666666667,0.9208819220130158,0.9333333333333333,1.0,0.8666666666666667,0.9333333333333333,60,30,30
10013,native_rows,jackknife_median,extra_trees,1.0,0.9999999999999999,0.9833333333333333,1.0,0.9666666666666667,0.9833333333333334,60,30,30
10013,native_rows,jackknife_median,random_forest,1.0,0.9999999999999999,0.9666666666666667,1.0,0.9333333333333333,0.9666666666666667,60,30,30
10013,native_rows,calibration_median,logistic_regression,0.98,0.9840164820569053,0.92,1.0,0.8,0.9,50,20,30
10013,native_rows,calibration_median,extra_trees,1.0,1.0,1.0,1.0,1.0,1.0,50,20,30
10013,native_rows,calibration_median,random_forest,1.0,1.0,0.92,1.0,0.8,0.9,50,20,30
10013,native_rows,calibration_median_iqr,logistic_regression,0.89,0.8626176097798098,0.84,1.0,0.6,0.8,50,20,30
10013,native_rows,calibration_median_iqr,extra_trees,1.0,0.9999999999999999,0.7,1.0,0.25,0.625,50,20,30
10013,native_rows,calibration_median_iqr,random_forest,1.0,0.9999999999999999,0.68,1.0,0.2,0.6,50,20,30
26398,common_rows,none,logistic_regression,0.7740740740740741,0.8935130603639333,0.375,0.0,1.0,0.5,48,18,30
26398,common_rows,none,extra_trees,0.46388888888888896,0.5982586838974862,0.6041666666666666,0.9666666666666667,0.0,0.48333333333333334,48,18,30
26398,common_rows,none,random_forest,0.46759259259259256,0.6554874304670946,0.625,1.0,0.0,0.5,48,18,30
26398,common_rows,jackknife_median,logistic_regression,0.2314814814814815,0.5326832567472044,0.3541666666666667,0.16666666666666666,0.6666666666666666,0.41666666666666663,48,18,30
26398,common_rows,jackknife_median,extra_trees,0.6231481481481481,0.6480356190776759,0.5833333333333334,0.5666666666666667,0.6111111111111112,0.5888888888888889,48,18,30
26398,common_rows,jackknife_median,random_forest,0.5842592592592593,0.6184305354290938,0.7083333333333334,0.8,0.5555555555555556,0.6777777777777778,48,18,30
26398,common_rows,calibration_median,logistic_regression,0.40740740740740744,0.6123348510045818,0.3125,0.2,0.5,0.35,48,18,30
26398,common_rows,calibration_median,extra_trees,0.3462962962962963,0.52303289216331,0.2708333333333333,0.06666666666666667,0.6111111111111112,0.3388888888888889,48,18,30
26398,common_rows,calibration_median,random_forest,0.55,0.6046755173773235,0.5833333333333334,0.6333333333333333,0.5,0.5666666666666667,48,18,30
26398,common_rows,calibration_median_iqr,logistic_regression,0.40185185185185185,0.6735465187942845,0.375,0.0,1.0,0.5,48,18,30
26398,common_rows,calibration_median_iqr,extra_trees,0.6851851851851852,0.7840138006066598,0.6041666666666666,0.5,0.7777777777777778,0.6388888888888888,48,18,30
26398,common_rows,calibration_median_iqr,random_forest,0.6490740740740741,0.7285952278340354,0.5625,0.5,0.6666666666666666,0.5833333333333333,48,18,30
26398,native_rows,none,logistic_regression,0.4845238095238096,0.4894120659130368,0.4827586206896552,0.0,1.0,0.5,58,28,30
26398,native_rows,none,extra_trees,0.5613095238095238,0.5280137946093046,0.5172413793103449,0.4666666666666667,0.5714285714285714,0.519047619047619,58,28,30
26398,native_rows,none,random_forest,0.4375,0.5420879380880067,0.43103448275862066,0.6,0.25,0.425,58,28,30
26398,native_rows,jackknife_median,logistic_regression,0.5059523809523809,0.509051871061271,0.41379310344827586,0.1,0.75,0.425,58,28,30
26398,native_rows,jackknife_median,extra_trees,0.7886904761904762,0.712415494347075,0.5344827586206896,0.23333333333333334,0.8571428571428571,0.5452380952380952,58,28,30
26398,native_rows,jackknife_median,random_forest,0.7541666666666667,0.6581085250880497,0.6379310344827587,0.5333333333333333,0.75,0.6416666666666666,58,28,30
26398,native_rows,calibration_median,logistic_regression,0.40740740740740744,0.6123348510045818,0.3125,0.2,0.5,0.35,48,18,30
26398,native_rows,calibration_median,extra_trees,0.3462962962962963,0.52303289216331,0.2708333333333333,0.06666666666666667,0.6111111111111112,0.3388888888888889,48,18,30
26398,native_rows,calibration_median,random_forest,0.55,0.6046755173773235,0.5833333333333334,0.6333333333333333,0.5,0.5666666666666667,48,18,30
26398,native_rows,calibration_median_iqr,logistic_regression,0.40185185185185185,0.6735465187942845,0.375,0.0,1.0,0.5,48,18,30
26398,native_rows,calibration_median_iqr,extra_trees,0.6851851851851852,0.7840138006066598,0.6041666666666666,0.5,0.7777777777777778,0.6388888888888888,48,18,30
26398,native_rows,calibration_median_iqr,random_forest,0.6490740740740741,0.7285952278340354,0.5625,0.5,0.6666666666666666,0.5833333333333333,48,18,30
26502,common_rows,none,logistic_regression,0.765880217785844,0.9104559549161284,0.24675324675324675,0.0,1.0,0.5,77,19,58
26502,common_rows,none,extra_trees,0.18602540834845735,0.6054137923823374,0.5064935064935064,0.6724137931034483,0.0,0.33620689655172414,77,19,58
26502,common_rows,none,random_forest,0.5576225045372051,0.7341255570233863,0.2857142857142857,0.15517241379310345,0.6842105263157895,0.41969147005444646,77,19,58
26502,common_rows,jackknife_median,logistic_regression,0.5281306715063521,0.7484220507700621,0.24675324675324675,0.0,1.0,0.5,77,19,58
26502,common_rows,jackknife_median,extra_trees,0.9528130671506352,0.9839523942044304,0.7402597402597403,0.6551724137931034,1.0,0.8275862068965517,77,19,58
26502,common_rows,jackknife_median,random_forest,0.9514519056261342,0.9826585883375365,0.7662337662337663,0.7068965517241379,0.9473684210526315,0.8271324863883847,77,19,58
26502,common_rows,calibration_median,logistic_regression,0.6361161524500907,0.8500016954945013,0.3246753246753247,0.10344827586206896,1.0,0.5517241379310345,77,19,58
26502,common_rows,calibration_median,extra_trees,0.8516333938294011,0.9430006722301769,0.33766233766233766,0.1206896551724138,1.0,0.5603448275862069,77,19,58
26502,common_rows,calibration_median,random_forest,0.8702359346642469,0.9497071743497019,0.36363636363636365,0.15517241379310345,1.0,0.5775862068965517,77,19,58
26502,common_rows,calibration_median_iqr,logistic_regression,0.19509981851179675,0.6157319297773486,0.24675324675324675,0.034482758620689655,0.8947368421052632,0.4646098003629764,77,19,58
26502,common_rows,calibration_median_iqr,extra_trees,0.8607078039927405,0.946271731195928,0.6103896103896104,0.5172413793103449,0.8947368421052632,0.705989110707804,77,19,58
26502,common_rows,calibration_median_iqr,random_forest,0.8729582577132486,0.9428445273899967,0.6753246753246753,0.6206896551724138,0.8421052631578947,0.7313974591651542,77,19,58
26502,native_rows,none,logistic_regression,0.5808561236623068,0.7640865359144252,0.3333333333333333,0.0,1.0,0.5,87,29,58
26502,native_rows,none,extra_trees,0.44708680142687274,0.6309197780801586,0.3448275862068966,0.034482758620689655,0.9655172413793104,0.5,87,29,58
26502,native_rows,none,random_forest,0.8112366230677764,0.8688477836307804,0.3333333333333333,0.0,1.0,0.5,87,29,58
26502,native_rows,jackknife_median,logistic_regression,0.4464922711058264,0.664616971257288,0.367816091954023,0.05172413793103448,1.0,0.5258620689655172,87,29,58
26502,native_rows,jackknife_median,extra_trees,0.9729488703923901,0.9850783001225892,0.4367816091954023,0.15517241379310345,1.0,0.5775862068965517,87,29,58
26502,native_rows,jackknife_median,random_forest,0.9595719381688467,0.9788696308194301,0.6551724137931034,0.4827586206896552,1.0,0.7413793103448276,87,29,58
26502,native_rows,calibration_median,logistic_regression,0.6361161524500907,0.8500016954945013,0.3246753246753247,0.10344827586206896,1.0,0.5517241379310345,77,19,58
26502,native_rows,calibration_median,extra_trees,0.8516333938294011,0.9430006722301769,0.33766233766233766,0.1206896551724138,1.0,0.5603448275862069,77,19,58
26502,native_rows,calibration_median,random_forest,0.8702359346642469,0.9497071743497019,0.36363636363636365,0.15517241379310345,1.0,0.5775862068965517,77,19,58
26502,native_rows,calibration_median_iqr,logistic_regression,0.19509981851179675,0.6157319297773486,0.24675324675324675,0.034482758620689655,0.8947368421052632,0.4646098003629764,77,19,58
26502,native_rows,calibration_median_iqr,extra_trees,0.8607078039927405,0.946271731195928,0.6103896103896104,0.5172413793103449,0.8947368421052632,0.705989110707804,77,19,58
26502,native_rows,calibration_median_iqr,random_forest,0.8729582577132486,0.9428445273899967,0.6753246753246753,0.6206896551724138,0.8421052631578947,0.7313974591651542,77,19,58
27245,common_rows,none,logistic_regression,0.23258003766478344,0.6374297863559613,0.15584415584415584,0.0,0.6666666666666666,0.3333333333333333,77,18,59
27245,common_rows,none,extra_trees,0.1275894538606403,0.605684303316552,0.7662337662337663,1.0,0.0,0.5,77,18,59
27245,common_rows,none,random_forest,0.1953860640301318,0.6332302053410201,0.7662337662337663,1.0,0.0,0.5,77,18,59
27245,common_rows,jackknife_median,logistic_regression,0.20903954802259886,0.6281179813280662,0.3246753246753247,0.288135593220339,0.4444444444444444,0.3662900188323917,77,18,59
27245,common_rows,jackknife_median,extra_trees,0.42467043314500946,0.6895372072449187,0.5324675324675324,0.559322033898305,0.4444444444444444,0.5018832391713748,77,18,59
27245,common_rows,jackknife_median,random_forest,0.4227871939736346,0.6860291916219363,0.6233766233766234,0.6949152542372882,0.3888888888888889,0.5419020715630886,77,18,59
27245,common_rows,calibration_median,logistic_regression,0.21563088512241055,0.633000291645547,0.33766233766233766,0.3050847457627119,0.4444444444444444,0.3747645951035782,77,18,59
27245,common_rows,calibration_median,extra_trees,0.44067796610169485,0.685585460280556,0.24675324675324675,0.1694915254237288,0.5,0.3347457627118644,77,18,59
27245,common_rows,calibration_median,random_forest,0.3013182674199623,0.6481107129674906,0.6103896103896104,0.7457627118644068,0.16666666666666666,0.4562146892655367,77,18,59
27245,common_rows,calibration_median_iqr,logistic_regression,0.24952919020715628,0.63570233855645,0.18181818181818182,0.03389830508474576,0.6666666666666666,0.3502824858757062,77,18,59
27245,common_rows,calibration_median_iqr,extra_trees,0.4670433145009416,0.6930289028065613,0.15584415584415584,0.0,0.6666666666666666,0.3333333333333333,77,18,59
27245,common_rows,calibration_median_iqr,random_forest,0.5004708097928436,0.7089760836841364,0.23376623376623376,0.11864406779661017,0.6111111111111112,0.3648775894538607,77,18,59
27245,native_rows,none,logistic_regression,0.2814769975786925,0.5707894530861684,0.25287356321839083,0.0,0.7857142857142857,0.39285714285714285,87,28,59
27245,native_rows,none,extra_trees,0.2221549636803874,0.5310042178960486,0.6781609195402298,1.0,0.0,0.5,87,28,59
27245,native_rows,none,random_forest,0.27996368038740926,0.5527231299425315,0.6436781609195402,0.847457627118644,0.21428571428571427,0.5308716707021791,87,28,59
27245,native_rows,jackknife_median,logistic_regression,0.28934624697336564,0.5614485155058224,0.3448275862068966,0.23728813559322035,0.5714285714285714,0.4043583535108959,87,28,59
27245,native_rows,jackknife_median,extra_trees,0.5814164648910412,0.6717513105994352,0.3103448275862069,0.1016949152542373,0.75,0.4258474576271186,87,28,59
27245,native_rows,jackknife_median,random_forest,0.6119854721549637,0.6859919284010791,0.3103448275862069,0.0847457627118644,0.7857142857142857,0.43523002421307505,87,28,59
27245,native_rows,calibration_median,logistic_regression,0.21563088512241055,0.633000291645547,0.33766233766233766,0.3050847457627119,0.4444444444444444,0.3747645951035782,77,18,59
27245,native_rows,calibration_median,extra_trees,0.44067796610169485,0.685585460280556,0.24675324675324675,0.1694915254237288,0.5,0.3347457627118644,77,18,59
27245,native_rows,calibration_median,random_forest,0.3013182674199623,0.6481107129674906,0.6103896103896104,0.7457627118644068,0.16666666666666666,0.4562146892655367,77,18,59
27245,native_rows,calibration_median_iqr,logistic_regression,0.24952919020715628,0.63570233855645,0.18181818181818182,0.03389830508474576,0.6666666666666666,0.3502824858757062,77,18,59
27245,native_rows,calibration_median_iqr,extra_trees,0.4670433145009416,0.6930289028065613,0.15584415584415584,0.0,0.6666666666666666,0.3333333333333333,77,18,59
27245,native_rows,calibration_median_iqr,random_forest,0.5004708097928436,0.7089760836841364,0.23376623376623376,0.11864406779661017,0.6111111111111112,0.3648775894538607,77,18,59
30071,common_rows,none,logistic_regression,0.048979591836734684,0.5110775602146181,0.08695652173913043,0.02040816326530612,0.25,0.13520408163265307,69,20,49
30071,common_rows,none,extra_trees,0.17448979591836733,0.5704971861881014,0.4782608695652174,0.673469387755102,0.0,0.336734693877551,69,20,49
30071,common_rows,none,random_forest,0.4857142857142857,0.7096951062161018,0.2753623188405797,0.04081632653061224,0.85,0.44540816326530613,69,20,49
30071,common_rows,jackknife_median,logistic_regression,0.44489795918367353,0.7634070099661758,0.4492753623188406,0.22448979591836735,1.0,0.6122448979591837,69,20,49
30071,common_rows,jackknife_median,extra_trees,1.0,1.0,1.0,1.0,1.0,1.0,69,20,49
30071,common_rows,jackknife_median,random_forest,1.0,1.0,1.0,1.0,1.0,1.0,69,20,49
30071,common_rows,calibration_median,logistic_regression,0.6193877551020409,0.8381576599402234,0.5072463768115942,0.32653061224489793,0.95,0.6382653061224489,69,20,49
30071,common_rows,calibration_median,extra_trees,1.0,1.0,0.8985507246376812,0.8571428571428571,1.0,0.9285714285714286,69,20,49
30071,common_rows,calibration_median,random_forest,1.0,1.0,0.8985507246376812,0.8571428571428571,1.0,0.9285714285714286,69,20,49
30071,common_rows,calibration_median_iqr,logistic_regression,0.9510204081632654,0.9827687265121432,0.7681159420289855,0.9795918367346939,0.25,0.6147959183673469,69,20,49
30071,common_rows,calibration_median_iqr,extra_trees,1.0,1.0,0.9420289855072463,1.0,0.8,0.9,69,20,49
30071,common_rows,calibration_median_iqr,random_forest,1.0,1.0000000000000002,0.9710144927536232,1.0,0.9,0.95,69,20,49
30071,native_rows,none,logistic_regression,0.027210884353741492,0.41639538603652204,0.379746835443038,0.0,1.0,0.5,79,30,49
30071,native_rows,none,extra_trees,0.7370748299319728,0.8387862625906356,0.5063291139240507,0.20408163265306123,1.0,0.6020408163265306,79,30,49
30071,native_rows,none,random_forest,0.7261904761904762,0.8526431444314286,0.379746835443038,0.0,1.0,0.5,79,30,49
30071,native_rows,jackknife_median,logistic_regression,0.5795918367346938,0.788524350823363,0.569620253164557,0.30612244897959184,1.0,0.653061224489796,79,30,49
30071,native_rows,jackknife_median,extra_trees,1.0,1.0,1.0,1.0,1.0,1.0,79,30,49
30071,native_rows,jackknife_median,random_forest,1.0,1.0,1.0,1.0,1.0,1.0,79,30,49
30071,native_rows,calibration_median,logistic_regression,0.6193877551020409,0.8381576599402234,0.5072463768115942,0.32653061224489793,0.95,0.6382653061224489,69,20,49
30071,native_rows,calibration_median,extra_trees,1.0,1.0,0.8985507246376812,0.8571428571428571,1.0,0.9285714285714286,69,20,49
30071,native_rows,calibration_median,random_forest,1.0,1.0,0.8985507246376812,0.8571428571428571,1.0,0.9285714285714286,69,20,49
30071,native_rows,calibration_median_iqr,logistic_regression,0.9510204081632654,0.9827687265121432,0.7681159420289855,0.9795918367346939,0.25,0.6147959183673469,69,20,49
30071,native_rows,calibration_median_iqr,extra_trees,1.0,1.0,0.9420289855072463,1.0,0.8,0.9,69,20,49
30071,native_rows,calibration_median_iqr,random_forest,1.0,1.0000000000000002,0.9710144927536232,1.0,0.9,0.95,69,20,49
30851,common_rows,none,logistic_regression,0.5195652173913043,0.5944906439155966,0.4883720930232558,0.95,0.08695652173913043,0.5184782608695652,43,23,20
30851,common_rows,none,extra_trees,0.17282608695652174,0.33071321082091776,0.46511627906976744,1.0,0.0,0.5,43,23,20
30851,common_rows,none,random_forest,0.3489130434782609,0.39652300685217645,0.3488372093023256,0.75,0.0,0.375,43,23,20
30851,common_rows,jackknife_median,logistic_regression,0.717391304347826,0.6912760733513066,0.4883720930232558,0.25,0.6956521739130435,0.47282608695652173,43,23,20
30851,common_rows,jackknife_median,extra_trees,0.2978260869565218,0.37979138308426846,0.3488372093023256,0.7,0.043478260869565216,0.37173913043478257,43,23,20
30851,common_rows,jackknife_median,random_forest,0.43695652173913035,0.5157759788245315,0.3953488372093023,0.8,0.043478260869565216,0.4217391304347826,43,23,20
30851,common_rows,calibration_median,logistic_regression,0.6173913043478261,0.6270786591903661,0.3953488372093023,0.25,0.5217391304347826,0.3858695652173913,43,23,20
30851,common_rows,calibration_median,extra_trees,0.2891304347826087,0.40126313170728195,0.32558139534883723,0.35,0.30434782608695654,0.32717391304347826,43,23,20
30851,common_rows,calibration_median,random_forest,0.31739130434782614,0.38542583173901507,0.3953488372093023,0.5,0.30434782608695654,0.40217391304347827,43,23,20
30851,common_rows,calibration_median_iqr,logistic_regression,0.7739130434782608,0.7244361593681369,0.5813953488372093,0.5,0.6521739130434783,0.5760869565217391,43,23,20
30851,common_rows,calibration_median_iqr,extra_trees,0.4434782608695652,0.5343680030038082,0.37209302325581395,0.75,0.043478260869565216,0.3967391304347826,43,23,20
30851,common_rows,calibration_median_iqr,random_forest,0.5597826086956521,0.6563573798709025,0.3488372093023256,0.75,0.0,0.375,43,23,20
30851,native_rows,none,logistic_regression,0.6196969696969696,0.5533658363789548,0.41509433962264153,1.0,0.06060606060606061,0.5303030303030303,53,33,20
30851,native_rows,none,extra_trees,0.2598484848484849,0.27627508206843254,0.32075471698113206,0.7,0.09090909090909091,0.39545454545454545,53,33,20
30851,native_rows,none,random_forest,0.29924242424242425,0.3574764504255527,0.2830188679245283,0.75,0.0,0.375,53,33,20
30851,native_rows,jackknife_median,logistic_regression,0.6,0.5149592421883494,0.6415094339622641,0.25,0.8787878787878788,0.5643939393939394,53,33,20
30851,native_rows,jackknife_median,extra_trees,0.34621212121212125,0.32754329082068656,0.5094339622641509,0.55,0.48484848484848486,0.5174242424242425,53,33,20
30851,native_rows,jackknife_median,random_forest,0.39242424242424245,0.4954214421422017,0.49056603773584906,0.5,0.48484848484848486,0.49242424242424243,53,33,20
30851,native_rows,calibration_median,logistic_regression,0.6173913043478261,0.6270786591903661,0.3953488372093023,0.25,0.5217391304347826,0.3858695652173913,43,23,20
30851,native_rows,calibration_median,extra_trees,0.2891304347826087,0.40126313170728195,0.32558139534883723,0.35,0.30434782608695654,0.32717391304347826,43,23,20
30851,native_rows,calibration_median,random_forest,0.31739130434782614,0.38542583173901507,0.3953488372093023,0.5,0.30434782608695654,0.40217391304347827,43,23,20
30851,native_rows,calibration_median_iqr,logistic_regression,0.7739130434782608,0.7244361593681369,0.5813953488372093,0.5,0.6521739130434783,0.5760869565217391,43,23,20
30851,native_rows,calibration_median_iqr,extra_trees,0.4434782608695652,0.5343680030038082,0.37209302325581395,0.75,0.043478260869565216,0.3967391304347826,43,23,20
30851,native_rows,calibration_median_iqr,random_forest,0.5597826086956521,0.6563573798709025,0.3488372093023256,0.75,0.0,0.375,43,23,20
57091,common_rows,none,logistic_regression,0.15000000000000002,0.30058234905961234,0.5714285714285714,0.0,1.0,0.5,35,20,15
57091,common_rows,none,extra_trees,0.035,0.2722238127864205,0.5714285714285714,0.0,1.0,0.5,35,20,15
57091,common_rows,none,random_forest,0.05833333333333334,0.27808151672881076,0.5714285714285714,0.0,1.0,0.5,35,20,15
57091,common_rows,jackknife_median,logistic_regression,0.8833333333333333,0.9017851430821091,0.8571428571428571,0.6666666666666666,1.0,0.8333333333333333,35,20,15
57091,common_rows,jackknife_median,extra_trees,0.9666666666666666,0.955154420742656,0.9142857142857143,1.0,0.85,0.925,35,20,15
57091,common_rows,jackknife_median,random_forest,0.9666666666666667,0.9587545409526833,0.8571428571428571,1.0,0.75,0.875,35,20,15
57091,common_rows,calibration_median,logistic_regression,0.7733333333333333,0.7954191442658934,0.5714285714285714,0.0,1.0,0.5,35,20,15
57091,common_rows,calibration_median,extra_trees,0.8733333333333333,0.7793381618381618,0.4857142857142857,1.0,0.1,0.55,35,20,15
57091,common_rows,calibration_median,random_forest,0.7150000000000001,0.5382090132090133,0.5142857142857142,1.0,0.15,0.575,35,20,15
57091,common_rows,calibration_median_iqr,logistic_regression,0.9,0.9106096866096866,0.5714285714285714,0.0,1.0,0.5,35,20,15
57091,common_rows,calibration_median_iqr,extra_trees,0.9983333333333334,0.9958333333333333,0.8571428571428571,0.6666666666666666,1.0,0.8333333333333333,35,20,15
57091,common_rows,calibration_median_iqr,random_forest,0.96,0.9612440191387559,0.9428571428571428,0.8666666666666667,1.0,0.9333333333333333,35,20,15
57091,native_rows,none,logistic_regression,0.7644444444444445,0.5129894863798037,0.6222222222222222,1.0,0.43333333333333335,0.7166666666666667,45,30,15
57091,native_rows,none,extra_trees,0.031111111111111103,0.20759017973560984,0.6666666666666666,0.0,1.0,0.5,45,30,15
57091,native_rows,none,random_forest,0.09555555555555555,0.21503834180080866,0.6666666666666666,0.0,1.0,0.5,45,30,15
57091,native_rows,jackknife_median,logistic_regression,0.8444444444444444,0.6496177193119919,0.7555555555555555,0.5333333333333333,0.8666666666666667,0.7,45,30,15
57091,native_rows,jackknife_median,extra_trees,0.9466666666666667,0.9202472527472526,0.8666666666666667,0.6666666666666666,0.9666666666666667,0.8166666666666667,45,30,15
57091,native_rows,jackknife_median,random_forest,0.9700000000000001,0.9537566137566136,0.9111111111111111,0.8666666666666667,0.9333333333333333,0.9,45,30,15
57091,native_rows,calibration_median,logistic_regression,0.7733333333333333,0.7954191442658934,0.5714285714285714,0.0,1.0,0.5,35,20,15
57091,native_rows,calibration_median,extra_trees,0.8733333333333333,0.7793381618381618,0.4857142857142857,1.0,0.1,0.55,35,20,15
57091,native_rows,calibration_median,random_forest,0.7150000000000001,0.5382090132090133,0.5142857142857142,1.0,0.15,0.575,35,20,15
57091,native_rows,calibration_median_iqr,logistic_regression,0.9,0.9106096866096866,0.5714285714285714,0.0,1.0,0.5,35,20,15
57091,native_rows,calibration_median_iqr,extra_trees,0.9983333333333334,0.9958333333333333,0.8571428571428571,0.6666666666666666,1.0,0.8333333333333333,35,20,15
57091,native_rows,calibration_median_iqr,random_forest,0.96,0.9612440191387559,0.9428571428571428,0.8666666666666667,1.0,0.9333333333333333,35,20,15
59285,common_rows,none,logistic_regression,0.32941176470588235,0.5763988088301081,0.37037037037037035,0.0,1.0,0.5,54,20,34
59285,common_rows,none,extra_trees,0.1485294117647059,0.4839466055200058,0.6296296296296297,1.0,0.0,0.5,54,20,34
59285,common_rows,none,random_forest,0.5272058823529412,0.6644817891211419,0.6296296296296297,1.0,0.0,0.5,54,20,34
59285,common_rows,jackknife_median,logistic_regression,0.9764705882352941,0.9862859863818012,0.8148148148148148,0.7058823529411765,1.0,0.8529411764705883,54,20,34
59285,common_rows,jackknife_median,extra_trees,0.8294117647058823,0.8977952899184343,0.4444444444444444,0.11764705882352941,1.0,0.5588235294117647,54,20,34
59285,common_rows,jackknife_median,random_forest,0.9338235294117647,0.9631176749808199,0.5740740740740741,0.3235294117647059,1.0,0.6617647058823529,54,20,34
59285,common_rows,calibration_median,logistic_regression,0.9073529411764705,0.9521069979551642,0.6666666666666666,0.47058823529411764,1.0,0.7352941176470589,54,20,34
59285,common_rows,calibration_median,extra_trees,0.8669117647058824,0.9360557261364957,0.5925925925925926,0.35294117647058826,1.0,0.6764705882352942,54,20,34
59285,common_rows,calibration_median,random_forest,0.8889705882352942,0.9489713547709665,0.7222222222222222,0.5588235294117647,1.0,0.7794117647058824,54,20,34
59285,common_rows,calibration_median_iqr,logistic_regression,0.6058823529411764,0.7625739190910744,0.5740740740740741,0.5882352941176471,0.55,0.5691176470588235,54,20,34
59285,common_rows,calibration_median_iqr,extra_trees,0.9352941176470588,0.9600601014526173,0.7407407407407407,1.0,0.3,0.65,54,20,34
59285,common_rows,calibration_median_iqr,random_forest,0.8933823529411764,0.9430949640701451,0.7407407407407407,1.0,0.3,0.65,54,20,34
59285,native_rows,none,logistic_regression,0.24215686274509804,0.3997610180363875,0.46875,0.0,1.0,0.5,64,30,34
59285,native_rows,none,extra_trees,0.24803921568627452,0.41253963608242855,0.53125,1.0,0.0,0.5,64,30,34
59285,native_rows,none,random_forest,0.21568627450980393,0.3883669984409636,0.53125,1.0,0.0,0.5,64,30,34
59285,native_rows,jackknife_median,logistic_regression,0.753921568627451,0.8287734855973137,0.546875,0.14705882352941177,1.0,0.5735294117647058,64,30,34
59285,native_rows,jackknife_median,extra_trees,0.917156862745098,0.9310644404966741,0.484375,0.029411764705882353,1.0,0.5147058823529411,64,30,34
59285,native_rows,jackknife_median,random_forest,0.9088235294117647,0.9217526303191343,0.515625,0.08823529411764706,1.0,0.5441176470588235,64,30,34
59285,native_rows,calibration_median,logistic_regression,0.9073529411764705,0.9521069979551642,0.6666666666666666,0.47058823529411764,1.0,0.7352941176470589,54,20,34
59285,native_rows,calibration_median,extra_trees,0.8669117647058824,0.9360557261364957,0.5925925925925926,0.35294117647058826,1.0,0.6764705882352942,54,20,34
59285,native_rows,calibration_median,random_forest,0.8889705882352942,0.9489713547709665,0.7222222222222222,0.5588235294117647,1.0,0.7794117647058824,54,20,34
59285,native_rows,calibration_median_iqr,logistic_regression,0.6058823529411764,0.7625739190910744,0.5740740740740741,0.5882352941176471,0.55,0.5691176470588235,54,20,34
59285,native_rows,calibration_median_iqr,extra_trees,0.9352941176470588,0.9600601014526173,0.7407407407407407,1.0,0.3,0.65,54,20,34
59285,native_rows,calibration_median_iqr,random_forest,0.8933823529411764,0.9430949640701451,0.7407407407407407,1.0,0.3,0.65,54,20,34
70447,common_rows,none,logistic_regression,0.30523255813953487,0.605419799306683,0.1694915254237288,0.0,0.625,0.3125,59,16,43
70447,common_rows,none,extra_trees,0.4011627906976744,0.700193683149225,0.3050847457627119,0.18604651162790697,0.625,0.4055232558139535,59,16,43
70447,common_rows,none,random_forest,0.5755813953488371,0.8030791316201387,0.3728813559322034,0.13953488372093023,1.0,0.5697674418604651,59,16,43
70447,common_rows,jackknife_median,logistic_regression,0.21220930232558138,0.5786633038422797,0.3728813559322034,0.4418604651162791,0.1875,0.31468023255813954,59,16,43
70447,common_rows,jackknife_median,extra_trees,0.5617732558139534,0.7533876815455207,0.7627118644067796,0.9767441860465116,0.1875,0.5821220930232558,59,16,43
70447,common_rows,jackknife_median,random_forest,0.7616279069767442,0.9082867999921708,0.7966101694915254,1.0,0.25,0.625,59,16,43
70447,common_rows,calibration_median,logistic_regression,0.7354651162790697,0.8991786566337778,0.5932203389830508,0.5581395348837209,0.6875,0.6228197674418605,59,16,43
70447,common_rows,calibration_median,extra_trees,0.35101744186046513,0.647572795152766,0.7457627118644068,1.0,0.0625,0.53125,59,16,43
70447,common_rows,calibration_median,random_forest,0.4774709302325582,0.7417701023311206,0.7457627118644068,1.0,0.0625,0.53125,59,16,43
70447,common_rows,calibration_median_iqr,logistic_regression,0.8313953488372093,0.9331007643774829,0.7457627118644068,1.0,0.0625,0.53125,59,16,43
70447,common_rows,calibration_median_iqr,extra_trees,0.6482558139534884,0.8320989057807249,0.559322033898305,0.5813953488372093,0.5,0.5406976744186047,59,16,43
70447,common_rows,calibration_median_iqr,random_forest,0.744186046511628,0.895717684426952,0.7288135593220338,0.8837209302325582,0.3125,0.5981104651162791,59,16,43
70447,native_rows,none,logistic_regression,0.5268336314847943,0.5979089758081868,0.37681159420289856,0.0,1.0,0.5,69,26,43
70447,native_rows,none,extra_trees,0.6529516994633273,0.7880774357424061,0.391304347826087,0.023255813953488372,1.0,0.5116279069767442,69,26,43
70447,native_rows,none,random_forest,0.7522361359570663,0.8275609894658662,0.4057971014492754,0.046511627906976744,1.0,0.5232558139534884,69,26,43
70447,native_rows,jackknife_median,logistic_regression,0.5635062611806798,0.6005547029184595,0.4057971014492754,0.27906976744186046,0.6153846153846154,0.44722719141323797,69,26,43
70447,native_rows,jackknife_median,extra_trees,0.7267441860465116,0.8214173158899423,0.7101449275362319,0.8604651162790697,0.46153846153846156,0.6610017889087656,69,26,43
70447,native_rows,jackknife_median,random_forest,0.7169051878354203,0.8470468862083631,0.6086956521739131,0.7209302325581395,0.4230769230769231,0.5720035778175313,69,26,43
70447,native_rows,calibration_median,logistic_regression,0.7354651162790697,0.8991786566337778,0.5932203389830508,0.5581395348837209,0.6875,0.6228197674418605,59,16,43
70447,native_rows,calibration_median,extra_trees,0.35101744186046513,0.647572795152766,0.7457627118644068,1.0,0.0625,0.53125,59,16,43
70447,native_rows,calibration_median,random_forest,0.4774709302325582,0.7417701023311206,0.7457627118644068,1.0,0.0625,0.53125,59,16,43
70447,native_rows,calibration_median_iqr,logistic_regression,0.8313953488372093,0.9331007643774829,0.7457627118644068,1.0,0.0625,0.53125,59,16,43
70447,native_rows,calibration_median_iqr,extra_trees,0.6482558139534884,0.8320989057807249,0.559322033898305,0.5813953488372093,0.5,0.5406976744186047,59,16,43
70447,native_rows,calibration_median_iqr,random_forest,0.744186046511628,0.895717684426952,0.7288135593220338,0.8837209302325582,0.3125,0.5981104651162791,59,16,43
80436,common_rows,none,logistic_regression,0.0,0.37761171512066394,0.574468085106383,1.0,0.0,0.5,47,20,27
80436,common_rows,none,extra_trees,0.6731481481481482,0.6833604705919116,0.48936170212765956,0.25925925925925924,0.8,0.5296296296296297,47,20,27
80436,common_rows,none,random_forest,0.0009259259259259267,0.38449135871786944,0.10638297872340426,0.18518518518518517,0.0,0.09259259259259259,47,20,27
80436,common_rows,jackknife_median,logistic_regression,0.0,0.37761171512066394,0.3191489361702128,0.0,0.75,0.375,47,20,27
80436,common_rows,jackknife_median,extra_trees,1.0,1.0,0.9574468085106383,0.9259259259259259,1.0,0.962962962962963,47,20,27
80436,common_rows,jackknife_median,random_forest,1.0,1.0,1.0,1.0,1.0,1.0,47,20,27
80436,common_rows,calibration_median,logistic_regression,0.0,0.37761171512066394,0.3617021276595745,0.0,0.85,0.425,47,20,27
80436,common_rows,calibration_median,extra_trees,0.9777777777777777,0.9839094286348435,0.8936170212765957,0.8148148148148148,1.0,0.9074074074074074,47,20,27
80436,common_rows,calibration_median,random_forest,0.9537037037037037,0.9592681096009912,0.8085106382978723,0.7407407407407407,0.9,0.8203703703703704,47,20,27
80436,common_rows,calibration_median_iqr,logistic_regression,0.0,0.37761171512066394,0.2553191489361702,0.0,0.6,0.3,47,20,27
80436,common_rows,calibration_median_iqr,extra_trees,0.9574074074074074,0.9399818094523528,0.9361702127659575,1.0,0.85,0.925,47,20,27
80436,common_rows,calibration_median_iqr,random_forest,0.5953703703703703,0.588105166392652,0.7872340425531915,1.0,0.5,0.75,47,20,27
80436,native_rows,none,logistic_regression,0.0,0.2955265738755974,0.47368421052631576,1.0,0.0,0.5,57,30,27
80436,native_rows,none,extra_trees,0.7919753086419752,0.7208446507895929,0.5087719298245614,0.0,0.9666666666666667,0.48333333333333334,57,30,27
80436,native_rows,none,random_forest,0.07345679012345677,0.3158031960867442,0.07017543859649122,0.0,0.13333333333333333,0.06666666666666667,57,30,27
80436,native_rows,jackknife_median,logistic_regression,0.0,0.2955265738755974,0.42105263157894735,0.0,0.8,0.4,57,30,27
80436,native_rows,jackknife_median,extra_trees,0.9641975308641975,0.8894427223391917,0.7192982456140351,0.4444444444444444,0.9666666666666667,0.7055555555555555,57,30,27
80436,native_rows,jackknife_median,random_forest,0.9703703703703704,0.9320222470265593,0.8245614035087719,0.6666666666666666,0.9666666666666667,0.8166666666666667,57,30,27
80436,native_rows,calibration_median,logistic_regression,0.0,0.37761171512066394,0.3617021276595745,0.0,0.85,0.425,47,20,27
80436,native_rows,calibration_median,extra_trees,0.9777777777777777,0.9839094286348435,0.8936170212765957,0.8148148148148148,1.0,0.9074074074074074,47,20,27
80436,native_rows,calibration_median,random_forest,0.9537037037037037,0.9592681096009912,0.8085106382978723,0.7407407407407407,0.9,0.8203703703703704,47,20,27
80436,native_rows,calibration_median_iqr,logistic_regression,0.0,0.37761171512066394,0.2553191489361702,0.0,0.6,0.3,47,20,27
80436,native_rows,calibration_median_iqr,extra_trees,0.9574074074074074,0.9399818094523528,0.9361702127659575,1.0,0.85,0.925,47,20,27
80436,native_rows,calibration_median_iqr,random_forest,0.5953703703703703,0.588105166392652,0.7872340425531915,1.0,0.5,0.75,47,20,27
88503,common_rows,none,logistic_regression,0.0,0.3990228792095046,0.6,1.0,0.0,0.5,50,20,30
88503,common_rows,none,extra_trees,0.0,0.40556351175911654,0.6,1.0,0.0,0.5,50,20,30
88503,common_rows,none,random_forest,0.015833333333333335,0.41371459892826423,0.6,1.0,0.0,0.5,50,20,30
88503,common_rows,jackknife_median,logistic_regression,0.021666666666666667,0.4012835814702068,0.4,0.0,1.0,0.5,50,20,30
88503,common_rows,jackknife_median,extra_trees,1.0,0.9999999999999999,1.0,1.0,1.0,1.0,50,20,30
88503,common_rows,jackknife_median,random_forest,1.0,1.0,1.0,1.0,1.0,1.0,50,20,30
88503,common_rows,calibration_median,logistic_regression,0.0,0.3990228792095046,0.14,0.0,0.35,0.175,50,20,30
88503,common_rows,calibration_median,extra_trees,1.0,0.9999999999999999,0.88,0.8,1.0,0.9,50,20,30
88503,common_rows,calibration_median,random_forest,1.0,1.0,0.94,0.9,1.0,0.95,50,20,30
88503,common_rows,calibration_median_iqr,logistic_regression,0.0,0.3990228792095046,0.18,0.0,0.45,0.225,50,20,30
88503,common_rows,calibration_median_iqr,extra_trees,1.0,1.0,0.84,1.0,0.6,0.8,50,20,30
88503,common_rows,calibration_median_iqr,random_forest,0.9975,0.9978136200716846,0.84,1.0,0.6,0.8,50,20,30
88503,native_rows,none,logistic_regression,0.004444444444444444,0.3152760170526835,0.5,1.0,0.0,0.5,60,30,30
88503,native_rows,none,extra_trees,0.0,0.3226582465997699,0.4,0.8,0.0,0.4,60,30,30
88503,native_rows,none,random_forest,0.2977777777777778,0.40191049817451474,0.5,1.0,0.0,0.5,60,30,30
88503,native_rows,jackknife_median,logistic_regression,0.0,0.31511671796865326,0.5,0.0,1.0,0.5,60,30,30
88503,native_rows,jackknife_median,extra_trees,1.0,0.9999999999999999,0.8833333333333333,0.7666666666666667,1.0,0.8833333333333333,60,30,30
88503,native_rows,jackknife_median,random_forest,1.0,1.0,1.0,1.0,1.0,1.0,60,30,30
88503,native_rows,calibration_median,logistic_regression,0.0,0.3990228792095046,0.14,0.0,0.35,0.175,50,20,30
88503,native_rows,calibration_median,extra_trees,1.0,0.9999999999999999,0.88,0.8,1.0,0.9,50,20,30
88503,native_rows,calibration_median,random_forest,1.0,1.0,0.94,0.9,1.0,0.95,50,20,30
88503,native_rows,calibration_median_iqr,logistic_regression,0.0,0.3990228792095046,0.18,0.0,0.45,0.225,50,20,30
88503,native_rows,calibration_median_iqr,extra_trees,1.0,1.0,0.84,1.0,0.6,0.8,50,20,30
88503,native_rows,calibration_median_iqr,random_forest,0.9975,0.9978136200716846,0.84,1.0,0.6,0.8,50,20,30
90396,common_rows,none,logistic_regression,0.7086466165413533,0.87019892729634,0.425531914893617,0.7142857142857143,0.0,0.35714285714285715,47,19,28
90396,common_rows,none,extra_trees,0.6757518796992481,0.8372321107937177,0.5106382978723404,0.8571428571428571,0.0,0.42857142857142855,47,19,28
90396,common_rows,none,random_forest,0.8834586466165413,0.9491467620440196,0.5957446808510638,1.0,0.0,0.5,47,19,28
90396,common_rows,jackknife_median,logistic_regression,0.768796992481203,0.8972249346046909,0.8297872340425532,0.7142857142857143,1.0,0.8571428571428572,47,19,28
90396,common_rows,jackknife_median,extra_trees,1.0,1.0,1.0,1.0,1.0,1.0,47,19,28
90396,common_rows,jackknife_median,random_forest,1.0,0.9999999999999999,1.0,1.0,1.0,1.0,47,19,28
90396,common_rows,calibration_median,logistic_regression,0.7142857142857143,0.8748573123895077,0.8297872340425532,0.7142857142857143,1.0,0.8571428571428572,47,19,28
90396,common_rows,calibration_median,extra_trees,0.9633458646616542,0.9600270450407067,0.9787234042553191,1.0,0.9473684210526315,0.9736842105263157,47,19,28
90396,common_rows,calibration_median,random_forest,1.0,0.9999999999999999,1.0,1.0,1.0,1.0,47,19,28
90396,common_rows,calibration_median_iqr,logistic_regression,1.0,0.9999999999999999,0.8936170212765957,1.0,0.7368421052631579,0.868421052631579,47,19,28
90396,common_rows,calibration_median_iqr,extra_trees,1.0,1.0,0.9787234042553191,1.0,0.9473684210526315,0.9736842105263157,47,19,28
90396,common_rows,calibration_median_iqr,random_forest,0.9924812030075189,0.9948474600568197,0.9574468085106383,1.0,0.8947368421052632,0.9473684210526316,47,19,28
90396,native_rows,none,logistic_regression,0.7142857142857143,0.8448418426076812,0.3508771929824561,0.7142857142857143,0.0,0.35714285714285715,57,29,28
90396,native_rows,none,extra_trees,0.7142857142857144,0.8448418426076812,0.42105263157894735,0.8571428571428571,0.0,0.42857142857142855,57,29,28
90396,native_rows,none,random_forest,0.7906403940886699,0.8807568091797711,0.543859649122807,0.8214285714285714,0.27586206896551724,0.5486453201970443,57,29,28
90396,native_rows,jackknife_median,logistic_regression,0.7672413793103449,0.8682452039522192,0.8596491228070176,0.7142857142857143,1.0,0.8571428571428572,57,29,28
90396,native_rows,jackknife_median,extra_trees,1.0,0.9999999999999999,1.0,1.0,1.0,1.0,57,29,28
90396,native_rows,jackknife_median,random_forest,1.0,1.0,1.0,1.0,1.0,1.0,57,29,28
90396,native_rows,calibration_median,logistic_regression,0.7142857142857143,0.8748573123895077,0.8297872340425532,0.7142857142857143,1.0,0.8571428571428572,47,19,28
90396,native_rows,calibration_median,extra_trees,0.9633458646616542,0.9600270450407067,0.9787234042553191,1.0,0.9473684210526315,0.9736842105263157,47,19,28
90396,native_rows,calibration_median,random_forest,1.0,0.9999999999999999,1.0,1.0,1.0,1.0,47,19,28
90396,native_rows,calibration_median_iqr,logistic_regression,1.0,0.9999999999999999,0.8936170212765957,1.0,0.7368421052631579,0.868421052631579,47,19,28
90396,native_rows,calibration_median_iqr,extra_trees,1.0,1.0,0.9787234042553191,1.0,0.9473684210526315,0.9736842105263157,47,19,28
90396,native_rows,calibration_median_iqr,random_forest,0.9924812030075189,0.9948474600568197,0.9574468085106383,1.0,0.8947368421052632,0.9473684210526316,47,19,28
96305,common_rows,none,logistic_regression,0.17586206896551723,0.4306783512458233,0.40816326530612246,0.0,1.0,0.5,49,20,29
96305,common_rows,none,extra_trees,0.43189655172413793,0.5944543353596579,0.40816326530612246,0.0,1.0,0.5,49,20,29
96305,common_rows,none,random_forest,0.07844827586206898,0.4073330159839933,0.40816326530612246,0.0,1.0,0.5,49,20,29
96305,common_rows,jackknife_median,logistic_regression,0.08793103448275864,0.4093406019238943,0.40816326530612246,0.0,1.0,0.5,49,20,29
96305,common_rows,jackknife_median,extra_trees,0.8077586206896552,0.8588650007602657,0.5714285714285714,0.27586206896551724,1.0,0.6379310344827587,49,20,29
96305,common_rows,jackknife_median,random_forest,0.7396551724137932,0.7859135775589416,0.6122448979591837,0.3793103448275862,0.95,0.664655172413793,49,20,29
96305,common_rows,calibration_median,logistic_regression,0.15172413793103445,0.42398834793207796,0.14285714285714285,0.034482758620689655,0.3,0.16724137931034483,49,20,29
96305,common_rows,calibration_median,extra_trees,0.1724137931034483,0.43228214162944,0.24489795918367346,0.27586206896551724,0.2,0.23793103448275862,49,20,29
96305,common_rows,calibration_median,random_forest,0.2655172413793103,0.5125061990881223,0.2653061224489796,0.20689655172413793,0.35,0.27844827586206894,49,20,29
96305,common_rows,calibration_median_iqr,logistic_regression,0.6310344827586207,0.7591868530218651,0.42857142857142855,0.034482758620689655,1.0,0.5172413793103449,49,20,29
96305,common_rows,calibration_median_iqr,extra_trees,0.7068965517241379,0.8187031652171185,0.6530612244897959,0.8620689655172413,0.35,0.6060344827586206,49,20,29
96305,common_rows,calibration_median_iqr,random_forest,0.7655172413793103,0.8817956858365268,0.5918367346938775,0.8275862068965517,0.25,0.5387931034482758,49,20,29
96305,native_rows,none,logistic_regression,0.27586206896551724,0.3699594247746377,0.5084745762711864,0.0,1.0,0.5,59,30,29
96305,native_rows,none,extra_trees,0.19022988505747124,0.3475607141279458,0.5084745762711864,0.0,1.0,0.5,59,30,29
96305,native_rows,none,random_forest,0.05517241379310345,0.31655936397167206,0.5084745762711864,0.0,1.0,0.5,59,30,29
96305,native_rows,jackknife_median,logistic_regression,0.11954022988505747,0.32794897337214185,0.5084745762711864,0.0,1.0,0.5,59,30,29
96305,native_rows,jackknife_median,extra_trees,0.714367816091954,0.6133327453513399,0.5423728813559322,0.2413793103448276,0.8333333333333334,0.5373563218390804,59,30,29
96305,native_rows,jackknife_median,random_forest,0.6505747126436782,0.6461157705724978,0.6271186440677966,0.3103448275862069,0.9333333333333333,0.6218390804597701,59,30,29
96305,native_rows,calibration_median,logistic_regression,0.15172413793103445,0.42398834793207796,0.14285714285714285,0.034482758620689655,0.3,0.16724137931034483,49,20,29
96305,native_rows,calibration_median,extra_trees,0.1724137931034483,0.43228214162944,0.24489795918367346,0.27586206896551724,0.2,0.23793103448275862,49,20,29
96305,native_rows,calibration_median,random_forest,0.2655172413793103,0.5125061990881223,0.2653061224489796,0.20689655172413793,0.35,0.27844827586206894,49,20,29
96305,native_rows,calibration_median_iqr,logistic_regression,0.6310344827586207,0.7591868530218651,0.42857142857142855,0.034482758620689655,1.0,0.5172413793103449,49,20,29
96305,native_rows,calibration_median_iqr,extra_trees,0.7068965517241379,0.8187031652171185,0.6530612244897959,0.8620689655172413,0.35,0.6060344827586206,49,20,29
96305,native_rows,calibration_median_iqr,random_forest,0.7655172413793103,0.8817956858365268,0.5918367346938775,0.8275862068965517,0.25,0.5387931034482758,49,20,29
96879,common_rows,none,logistic_regression,0.04035087719298246,0.4425271161254628,0.3877551020408163,0.03333333333333333,0.9473684210526315,0.4903508771929824,49,19,30
96879,common_rows,none,extra_trees,0.9885964912280703,0.9922841164795188,0.42857142857142855,0.06666666666666667,1.0,0.5333333333333333,49,19,30
96879,common_rows,none,random_forest,1.0,1.0,0.40816326530612246,0.03333333333333333,1.0,0.5166666666666667,49,19,30
96879,common_rows,jackknife_median,logistic_regression,0.43333333333333335,0.6955640297012217,0.5306122448979592,0.4,0.7368421052631579,0.5684210526315789,49,19,30
96879,common_rows,jackknife_median,extra_trees,1.0,1.0,0.9591836734693877,0.9333333333333333,1.0,0.9666666666666667,49,19,30
96879,common_rows,jackknife_median,random_forest,1.0,0.9999999999999999,0.4489795918367347,0.1,1.0,0.55,49,19,30
96879,common_rows,calibration_median,logistic_regression,0.3631578947368421,0.6458977422378204,0.46938775510204084,0.16666666666666666,0.9473684210526315,0.5570175438596491,49,19,30
96879,common_rows,calibration_median,extra_trees,0.9964912280701754,0.9979166666666667,0.9591836734693877,0.9333333333333333,1.0,0.9666666666666667,49,19,30
96879,common_rows,calibration_median,random_forest,0.9824561403508771,0.9904040404040404,0.9183673469387755,0.9333333333333333,0.8947368421052632,0.9140350877192982,49,19,30
96879,common_rows,calibration_median_iqr,logistic_regression,0.22456140350877193,0.5833941500859369,0.4897959183673469,0.2,0.9473684210526315,0.5736842105263158,49,19,30
96879,common_rows,calibration_median_iqr,extra_trees,1.0,0.9999999999999999,1.0,1.0,1.0,1.0,49,19,30
96879,common_rows,calibration_median_iqr,random_forest,1.0,0.9999999999999999,1.0,1.0,1.0,1.0,49,19,30
96879,native_rows,none,logistic_regression,0.0,0.32183504959192033,0.423728813559322,0.0,0.8620689655172413,0.43103448275862066,59,29,30
96879,native_rows,none,extra_trees,0.3758620689655172,0.4596611377466254,0.4745762711864407,0.03333333333333333,0.9310344827586207,0.482183908045977,59,29,30
96879,native_rows,none,random_forest,0.18735632183908044,0.38850906459435686,0.4745762711864407,0.03333333333333333,0.9310344827586207,0.482183908045977,59,29,30
96879,native_rows,jackknife_median,logistic_regression,0.0735632183908046,0.33077934919362956,0.3389830508474576,0.03333333333333333,0.6551724137931034,0.3442528735632184,59,29,30
96879,native_rows,jackknife_median,extra_trees,0.9155172413793103,0.8194212745931592,0.4576271186440678,0.0,0.9310344827586207,0.46551724137931033,59,29,30
96879,native_rows,jackknife_median,random_forest,0.8189655172413793,0.6907681206813586,0.4406779661016949,0.0,0.896551724137931,0.4482758620689655,59,29,30
96879,native_rows,calibration_median,logistic_regression,0.3631578947368421,0.6458977422378204,0.46938775510204084,0.16666666666666666,0.9473684210526315,0.5570175438596491,49,19,30
96879,native_rows,calibration_median,extra_trees,0.9964912280701754,0.9979166666666667,0.9591836734693877,0.9333333333333333,1.0,0.9666666666666667,49,19,30
96879,native_rows,calibration_median,random_forest,0.9824561403508771,0.9904040404040404,0.9183673469387755,0.9333333333333333,0.8947368421052632,0.9140350877192982,49,19,30
96879,native_rows,calibration_median_iqr,logistic_regression,0.22456140350877193,0.5833941500859369,0.4897959183673469,0.2,0.9473684210526315,0.5736842105263158,49,19,30
96879,native_rows,calibration_median_iqr,extra_trees,1.0,0.9999999999999999,1.0,1.0,1.0,1.0,49,19,30
96879,native_rows,calibration_median_iqr,random_forest,1.0,0.9999999999999999,1.0,1.0,1.0,1.0,49,19,30
