feature_name,dtype,non_missing_count,missing_count,infinite_count,unique_count,most_frequent_value_fraction,minimum,q1,median,q3,maximum,mean,standard_deviation,iqr,iqr_outlier_count,is_constant,is_near_constant,feature_family
minimum,float64,1283,0,0,1283,0.000779423226812159,-4.602716151,-1.020676736,-0.6333418656,-0.47389232815000004,-0.06292747895,-0.7425163706167965,0.42559601181309314,0.5467844078499999,13,False,False,ABFE
maximum,float64,1283,0,0,1283,0.000779423226812159,0.1291243382,0.44666335275,0.6247819573,0.8828663707,3.559008513,0.6750841061849571,0.3224145513962975,0.43620301794999994,10,False,False,ABFE
sum_value,float64,1283,0,0,1283,0.000779423226812159,-21.77003360579624,-1.1710200719193917,0.0244593959603143,1.0595798078095342,21.03469303132902,0.005209913344756881,3.048297950392385,2.230599879728926,109,False,False,ABFE
mean,float64,1283,0,0,1283,0.000779423226812159,-0.0014513355737197,-7.806800479462612e-05,1.6306263973542883e-06,7.063865385396894e-05,0.0014023128687552,3.4732755631731157e-07,0.0002032198633594672,0.00014870665864859505,109,False,False,ABFE
median,float64,1283,0,0,1283,0.000779423226812159,-0.088283510565,-0.00755081736399995,0.0056555353735,0.0243422411649999,0.060159699295,0.0023467125922285916,0.030130090927734936,0.031893058528999846,89,False,False,ABFE
standard_deviation,float64,1283,0,0,1283,0.000779423226812159,0.0344406103894273,0.13504714914357568,0.1760698980391106,0.2328477005402283,0.6157887957658368,0.19646858803830905,0.11961727985770934,0.09780055139665261,81,False,False,ABFE
variance,float64,1283,0,0,1283,0.000779423226812159,0.0011861556439963,0.01823773293357405,0.0310006089955028,0.05421805181670595,0.3791958409907394,0.05289704750992481,0.08016691176737348,0.0359803188831319,90,False,False,ABFE
kurtosis,float64,1283,0,0,1283,0.000779423226812159,-0.8769306079077701,1.7500611208846366,4.905959485860998,9.614827404750013,183.33467301631225,7.084044852077879,9.467313179799886,7.864766283865377,74,False,False,ABFE
skewness,float64,1283,0,0,1283,0.000779423226812159,-6.372893830411557,-1.6474509940380673,-0.5129599674518183,0.6222527706140715,5.304129562610036,-0.447510999981402,2.029028970420015,2.2697037646521387,44,False,False,ABFE
mean_absolute_value,float64,1283,0,0,1283,0.000779423226812159,0.0242725041721339,0.07312522749529755,0.1181606262094257,0.1398845457295371,0.508913283658278,0.13027893582378586,0.1004074910357159,0.06675931823423954,81,False,False,ABFE
root_mean_square,float64,1283,0,0,1283,0.000779423226812159,0.0344406110309364,0.13504716807854544,0.1760699052020329,0.2328477398495032,0.6157888397182445,0.19646866857397569,0.1196173201039163,0.09780057177095774,81,False,False,ABFE
peak_to_peak,float64,1283,0,0,1283,0.000779423226812159,0.22219050573,1.01518376175,1.3376332327,1.7092909560499998,7.510793199,1.4176004768017534,0.628533258462907,0.6941071942999999,23,False,False,ABFE
integrated_absolute_value,float64,1283,0,0,1283,0.000779423226812159,364.08756258200873,1096.8784124294639,1772.4093931413863,2098.268185943057,7633.69925487417,1954.1840373567888,1506.112365535738,1001.3897735135929,81,False,False,ABFE
waveform_length,float64,1283,0,0,1283,0.000779423226812159,117.18251947034376,392.9691611443832,529.5615040731848,680.6806042198845,1270.6122371021715,531.5060502311887,220.66770984076317,287.7114430755013,4,False,False,ABFE
zero_crossing_count,float64,1283,0,0,783,0.005455962587685113,443.0,870.0,1106.0,1364.5,1943.0,1114.4427123928292,343.8415179996174,494.5,0,False,False,ABFE
slope_sign_change_count,float64,1283,0,0,1044,0.003897116134060795,1870.0,3053.5,3861.0,4399.0,6252.0,3797.907248636009,990.5705938371448,1345.5,0,False,False,ABFE
approximate_entropy,float64,1283,0,0,1283,0.000779423226812159,0.1432048860133816,0.30206897609186645,0.3867471855856053,0.47014577500994464,0.9957263239539054,0.40786689021816036,0.14798797524858892,0.1680767989180782,56,False,False,ABFE
permutation_entropy,float64,1283,0,0,1283,0.000779423226812159,1.1472194815401102,1.320485629720515,1.4379268784165284,1.489752449021122,1.6434984473322856,1.41553170687718,0.1196980708703334,0.16926681930060705,0,False,False,ABFE
fuzzy_entropy,float64,1283,0,0,1283,0.000779423226812159,0.0656518079108073,0.21304232149698105,0.2850658776827786,0.36262547008204,0.6577073597961521,0.2925363544027166,0.11535994304413831,0.14958314858505894,12,False,False,ABFE
distribution_entropy,float64,1283,0,0,1283,0.000779423226812159,0.5403141420714871,0.7795012974238502,0.831448116246563,0.883911656784209,0.950415100863967,0.8253230293015381,0.07352478785735592,0.1044103593603588,7,False,False,ABFE
svd_entropy,float64,1283,0,0,1283,0.000779423226812159,0.4639314681981407,0.6833721266043254,0.7532336442469061,0.8030941807757491,0.9036799713470942,0.7243637947506831,0.11079104485656172,0.11972205417142368,59,False,False,ABFE
lempel_ziv_complexity,float64,1283,0,0,415,0.00857365549493375,0.0545658545290643,0.21687615062823046,0.2682050476852317,0.3634640818630898,0.6399927344764839,0.2821764784220155,0.10356560852028825,0.14658793123485936,1,False,False,ABFE
hjorth_mobility,float64,1283,0,0,1283,0.000779423226812159,0.1688384161090905,0.35097575988209107,0.4449186836892953,0.49960320188053525,0.717633807689372,0.42736500720265364,0.12890780557012255,0.1486274419984442,0,False,False,ABFE
hjorth_complexity,float64,1283,0,0,1283,0.000779423226812159,1.353586929183034,1.5680876353864925,1.7595240235038347,2.292591271417117,4.426121839173472,2.0356536732426123,0.6864550248581744,0.7245036360306245,57,False,False,ABFE
fisher_information,float64,1283,0,0,1283,0.000779423226812159,0.2737369516226125,0.43769299628692265,0.4850400976135849,0.573118310330415,0.7722908883021883,0.5090752242407086,0.12074479494185571,0.1354253140434924,0,False,False,ABFE
petrosian_fractal_dimension,float64,1283,0,0,1044,0.003897116134060795,1.0050864898223637,1.0082077017985487,1.010296223124869,1.0116698974766272,1.0162970581060788,1.0101101470580807,0.002542888168513105,0.0034621956780784835,0,False,False,ABFE
katz_fractal_dimension,float64,1283,0,0,1283,0.000779423226812159,1.8825674462875532,2.7262775990897103,2.920612838456275,3.201343630112521,4.6032818990024005,2.96933347507895,0.36975940681077896,0.47506603102281053,14,False,False,ABFE
higuchi_fractal_dimension,float64,1283,0,0,1283,0.000779423226812159,1.0467337936518166,1.2987487707002265,1.373542873964209,1.4285466658149129,1.597758478870703,1.3507551891187075,0.11580476322704152,0.1297978951146863,78,False,False,ABFE
detrended_fluctuation_analysis,float64,1283,0,0,1283,0.000779423226812159,0.3308000917249445,0.4689792708780103,0.5256801702477153,0.6155746040049089,0.93698458908103,0.5588224685982501,0.12155169797344541,0.14659533312689865,16,False,False,ABFE
peak_frequency,float64,1283,0,0,16,0.2969602494154326,1.0,1.5,2.0,2.5,11.5,2.3421667965705377,1.467481306720386,1.0,131,False,False,ABFE
mean_frequency,float64,1283,0,0,1283,0.000779423226812159,2.061739885372842,5.491210099163718,7.267644383927446,8.413608246205765,13.093538533670436,6.967910389788249,2.4635488289472627,2.9223981470420473,10,False,False,ABFE
median_frequency,float64,1283,0,0,1283,0.000779423226812159,1.235310009221901,3.6133139332919817,6.218339455009447,7.439691303386601,12.309164187059723,5.831890529475314,2.6891399446564743,3.8263773700946193,0,False,False,ABFE
spectral_edge_frequency_95,float64,1283,0,0,1283,0.000779423226812159,5.436745152187426,14.459437076161265,17.629768938291377,21.175209741455326,31.499348493791757,17.06211159688725,5.519393201719352,6.715772665294061,5,False,False,ABFE
spectral_entropy,float64,1283,0,0,1283,0.000779423226812159,0.3799837664195382,0.6018766795712706,0.6801872490207854,0.7345473421612502,0.8038503314972175,0.652015755200588,0.10243745328177513,0.13267066258997962,37,False,False,ABFE
n_r_points,int64,1283,0,0,893,0.005455962587685113,223.0,1000.0,1322.0,1667.0,5542.0,1372.8183943881527,550.215872176763,667.0,12,False,False,SampEn profile
TotalSampEn,float64,1283,0,0,1283,0.000779423226812159,13.956302288327397,42.6759658558909,59.74022130933974,74.72717440061678,168.9337765783962,61.08554396819952,29.331594028393855,32.051208544725874,81,False,False,SampEn profile
AvgSampEn,float64,1283,0,0,1283,0.000779423226812159,0.0137557792468635,0.03538132649225425,0.0431235827621278,0.05835835250981705,0.1067199761397158,0.04633102380825614,0.01636059968644415,0.022977026017562803,11,False,False,SampEn profile
MaxSampEn,float64,1283,0,0,1283,0.000779423226812159,0.8782082761465416,2.347330815423319,2.7960952680380267,3.21517803981882,4.620214100499584,2.770629961273798,0.6952632133784453,0.8678472243955011,19,False,False,SampEn profile
MinSampEn,float64,1283,0,0,1,1.0,0.0,0.0,0.0,0.0,0.0,0.0,0.0,0.0,0,True,True,SampEn profile
MedianSampEn,float64,1283,0,0,1283,0.000779423226812159,0.0001336450889141,0.0105510839756612,0.0170358244772421,0.023247513217660297,0.0434099351584375,0.01647261992040499,0.009455934954160342,0.012696429241999097,8,False,False,SampEn profile
StdSampEn,float64,1283,0,0,1283,0.000779423226812159,0.0437985249005329,0.10433760183264859,0.1347439137707625,0.1567085175536096,0.2860147849877392,0.13570811152161677,0.043112246084962697,0.052370915720961,42,False,False,SampEn profile
VarSampEn,float64,1283,0,0,1283,0.000779423226812159,0.0019183107834626,0.010886335573198149,0.0181559222982627,0.02455756503865625,0.0818044572315826,0.020273908607987758,0.013153927062358966,0.0136712294654581,71,False,False,SampEn profile
KurtosisSampEn,float64,1283,0,0,1283,0.000779423226812159,40.24948189560168,124.5016823987502,184.34610270680915,249.90219939350402,562.3366913808146,194.48437996103158,84.63666024018028,125.40051699475381,15,False,False,SampEn profile
SkewnessSampEn,float64,1283,0,0,1283,0.000779423226812159,5.558768561628857,9.242008171233516,11.23811217433639,13.312414698320751,20.91323663451308,11.453065968601132,2.685460252618726,4.0704065270872345,13,False,False,SampEn profile
r_at_MaxSampEn,float64,1283,0,0,2,0.9984411535463756,0.0,0.0,0.0,0.0,0.001,1.558846453624318e-06,3.946682790334825e-05,0.0,2,False,True,SampEn profile
r_at_MinSampEn,float64,1283,0,0,903,0.004676539360872954,0.222,1.015,1.338,1.7095,7.511,1.417614185502728,0.6285318765423246,0.6945000000000001,23,False,False,SampEn profile
AUC_SampEn,float64,1283,0,0,1283,0.000779423226812159,0.0132531009136606,0.0414529975563225,0.0580637480807079,0.07312754161676585,0.16764320848698,0.059700322987262404,0.02917870656634093,0.03167454406044335,81,False,False,SampEn profile
ProfileRange,float64,1283,0,0,1283,0.000779423226812159,0.8782082761465416,2.347330815423319,2.7960952680380267,3.21517803981882,4.620214100499584,2.770629961273798,0.6952632133784453,0.8678472243955011,19,False,False,SampEn profile
